MINX,MINY,MAXX,MAXY,CNTX,CNTY,AREA,PERIM,HEIGHT,WIDTH
5.71787166595459,49.4419784545898,6.61933326721191,50.1863708496094,6.16860246658325,49.8141746520996,0.671041160378081,3.29170799255371,0.744392395019531,0.901461601257324
